# SCHD-10 build gauge  cohort_stable=62/87  qualified=14  ready=BUILD-SIGNAL (threshold=50%+)  |  run=2026-10-02_0941  universe=319  cache_hit=0.0%  price_stale=1/319  fetch_failed=11/319
ticker,schd_rank_score,schd10_score,schd10_qualified,ready_to_buy_score,total_return_potential,target_upside,div_yield,near_target,payout_ratio,ex_dividend_date,days_since_ex_div,fresh_post_ex_div,trailingPE,forwardPE,peg,turn_state,recent_action,vol_event_read,vol_spike_tag,eps_rev_30d,eps_rev_90d,quality_flag,cyclicality,pct_change_1d,pct_change_5d,pct_change_1mo,vol_vs_10d_avg,vol_vs_3mo_avg,vol_spike_recent,dist_from_ath,price_above_ma50,conviction_count,sector,schd_holding
FNF,74.60,79.50,False,,60.5%,55.3%,5.21,False,0.72,2026-09-15,17.00,False,13.78,6.83,0.85,EARLY_TURN,NORMAL,light-dip,ACCUM-CONFIRMED-RECENTLY,-1.71,-3.40,MEDIUM,MIXED,1.1%,-4.5%,-14.4%,0.02,0.04,True,-38.5%,False,7.00,Financial Services,True
AMSF,70.00,74.70,False,,56.6%,49.9%,6.72,False,0.65,2026-09-10,22.00,False,9.60,11.80,,EARLY_TURN,BASING,light-dip,DISTRIB-CONFIRMED-RECENTLY,-3.20,-3.20,MEDIUM,MIXED,0.5%,1.2%,-8.9%,0.01,0.01,False,-63.3%,False,6.00,Financial Services,True
DVN,52.20,50.10,False,,30.6%,28.4%,2.21,False,0.23,2026-09-14,18.00,False,10.23,8.73,2.92,WATCH,FELL-RECOVERED,light-dip,DISTRIB-CONFIRMED-RECENTLY,-0.77,-13.86,HIGH,CYCLICAL,-0.2%,-0.0%,-4.1%,0.02,0.03,False,-40.8%,True,6.00,Energy,True
UNH,51.30,44.20,True,,34.3%,31.9%,2.45,False,0.58,2026-09-13,19.00,False,23.46,16.14,,FUNDAMENTALS_READY_PRICE_FALLING,BASING,light-dip,ACCUM-CONFIRMED-RECENTLY,0.78,8.02,LOW,DEFENSIVE,0.0%,-3.0%,-8.6%,0.04,0.03,True,-42.1%,False,8.00,Healthcare,True
SLB,48.40,42.40,True,0.0,32.4%,30.0%,2.41,False,0.57,2026-09-01,31.00,False,23.46,14.99,,WATCH,FELL-RECOVERED,light-dip,DISTRIB-CONFIRMED-RECENTLY,0.01,-2.74,MEDIUM,MIXED,-1.1%,-6.7%,-17.2%,0.04,0.04,False,-22.6%,False,5.00,Energy,True
AGM,48.30,50.80,True,40.2,24.3%,21.4%,2.93,False,0.34,2026-09-14,18.00,False,11.58,9.15,0.72,EARLY_TURN,NORMAL,light-dip,DISTRIB-CONFIRMED-RECENTLY,8.38,10.82,MEDIUM,MIXED,1.2%,-1.1%,-4.9%,0.04,0.04,False,-14.7%,False,7.00,Financial Services,True
KFY,47.40,48.50,True,6.3,27.9%,25.1%,2.85,False,0.39,2026-09-21,11.00,False,13.67,11.31,1.20,EARLY_TURN,BASING,light-dip,ACCUM-CONFIRMED-RECENTLY,0.99,-0.20,MEDIUM,CYCLICAL,-0.3%,0.6%,-13.7%,0.01,0.01,True,-17.5%,False,5.00,Industrials,True
HD,45.50,48.40,False,,33.7%,32.1%,1.62,False,0.65,2026-09-02,30.00,False,19.99,17.82,2.50,EARLY_TURN,NORMAL,light-dip,DISTRIB-CONFIRMED-RECENTLY,-0.51,-0.51,MEDIUM,MIXED,1.1%,-2.6%,-10.4%,0.07,0.10,False,-35.0%,False,6.00,Consumer Cyclical,True
RF,42.20,43.20,True,16.6,23.2%,19.3%,3.90,False,0.43,2026-08-31,32.00,False,11.05,9.55,,EARLY_TURN,BASING,light-dip,ACCUM-CONFIRMED-RECENTLY,0.06,-0.47,MEDIUM,MIXED,0.8%,-1.6%,-9.2%,0.05,0.06,True,-16.3%,False,6.00,Financial Services,True
EOG,42.00,40.30,True,13.8,18.2%,15.3%,2.90,False,0.31,2026-10-15,,False,10.96,9.29,1.35,FUNDAMENTALS_READY_PRICE_FALLING,FELL-RECOVERED,light-dip,DISTRIB-CONFIRMED-RECENTLY,3.56,1.09,HIGH,CYCLICAL,-0.4%,0.3%,-5.5%,0.04,0.04,False,-8.7%,False,9.00,Energy,True
FITB,41.90,40.90,True,20.5,25.7%,22.6%,3.14,False,0.54,2026-09-29,3.00,True,17.14,10.28,,EARLY_TURN,BASING,light-dip,DISTRIB-CONFIRMED-RECENTLY,0.01,0.38,MEDIUM,MIXED,1.0%,-2.3%,-6.4%,0.03,0.03,False,-14.4%,False,8.00,Financial Services,True
CINF,40.90,38.80,False,,19.7%,17.5%,2.23,False,0.17,2026-09-22,10.00,False,7.68,17.95,2.19,EARLY_TURN,FELL-RECOVERED,light-dip,DISTRIB-CONFIRMED-RECENTLY,-1.55,-1.65,HIGH,MIXED,0.3%,0.1%,-5.3%,0.03,0.04,False,-16.5%,False,6.00,Financial Services,True
COLB,40.40,31.40,True,13.8,21.3%,16.2%,5.05,False,0.58,2026-08-27,36.00,False,11.47,8.85,,WATCH,NORMAL,light-dip,DISTRIB-CONFIRMED-RECENTLY,0.18,-2.99,MEDIUM,MIXED,1.4%,-1.7%,-3.2%,0.03,0.03,False,-22.7%,False,5.00,Financial Services,True
EWBC,39.80,30.90,True,15.2,20.1%,17.9%,2.21,False,0.27,2026-08-02,61.00,False,12.20,11.07,,WATCH,NORMAL,light-dip,ACCUM-CONFIRMED-RECENTLY,0.67,1.32,MEDIUM,MIXED,1.5%,-0.3%,-1.7%,0.02,0.03,True,-7.7%,False,9.00,Financial Services,True
COP,39.60,36.20,True,10.6,18.1%,15.4%,2.61,False,0.44,2026-08-16,47.00,False,16.74,13.10,1.08,FUNDAMENTALS_READY_PRICE_FALLING,FELL-RECOVERED,light-dip,DISTRIB-CONFIRMED-RECENTLY,1.99,5.15,MEDIUM,CYCLICAL,-0.4%,-0.6%,-7.8%,0.03,0.03,False,-10.7%,False,9.00,Energy,True
WEN,39.30,38.10,False,,29.6%,20.7%,8.93,False,0.85,2026-08-31,32.00,False,9.50,12.16,,WATCH,NORMAL,light-dip,,-2.62,-19.45,SPECULATIVE,CYCLICAL,0.3%,-4.3%,-23.9%,0.05,0.02,False,-74.4%,False,5.00,Consumer Cyclical,True
GIS,39.20,33.10,False,,24.1%,16.5%,7.68,False,0.59,2026-10-12,,False,,10.08,,WATCH,FELL-RECOVERED,light-dip,DISTRIB-CONFIRMED-RECENTLY,-1.80,-3.06,LOW,DEFENSIVE,0.3%,-5.6%,-21.7%,0.06,0.08,False,-65.0%,False,5.00,Consumer Defensive,True
CVBF,38.50,28.10,True,,19.6%,16.0%,3.57,False,0.56,2026-09-29,3.00,True,15.56,11.20,,WATCH,NORMAL,light-dip,DISTRIB-CONFIRMED-RECENTLY,0.25,5.84,MEDIUM,MIXED,1.8%,-0.5%,0.5%,0.05,0.06,False,-23.4%,False,8.00,Financial Services,True
ORI,37.90,39.00,True,16.9,18.4%,15.2%,3.20,False,0.27,2026-09-03,29.00,False,8.45,11.44,1.39,EARLY_TURN,BASING,light-dip,DISTRIB-CONFIRMED-RECENTLY,1.02,-1.00,MEDIUM,MIXED,0.7%,0.1%,-10.3%,0.02,0.02,False,-19.2%,False,4.00,Financial Services,True
PEP,37.90,37.90,False,,23.2%,18.6%,4.57,False,0.75,2026-09-03,29.00,False,16.52,14.11,1.38,FALLING_KNIFE,FELL-RECOVERED,light-dip,DISTRIB-CONFIRMED-RECENTLY,-0.56,-1.77,MEDIUM,DEFENSIVE,0.2%,-2.1%,-10.4%,0.04,0.04,False,-36.0%,False,4.00,Consumer Defensive,True
OZK,37.50,28.50,False,,18.7%,14.8%,3.87,False,0.30,2026-07-12,82.00,False,7.76,7.78,,WATCH,NORMAL,light-dip,ACCUM-CONFIRMED-RECENTLY,-0.40,-5.67,MEDIUM,MIXED,1.5%,0.3%,-4.6%,0.03,0.03,True,-12.4%,False,4.00,Financial Services,True
CMCSA,37.30,28.20,False,,38.9%,32.8%,6.09,False,0.42,2026-10-06,,False,6.95,6.05,,WATCH,GRINDING-DOWN,light-dip,DISTRIB-CONFIRMED-RECENTLY,-1.08,-4.54,MEDIUM,MIXED,-0.1%,-1.0%,-19.1%,0.03,0.03,False,-57.6%,False,5.00,Communication Services,True
AFG,37.20,35.20,False,14.4,14.8%,12.3%,2.54,False,0.30,2026-07-14,80.00,False,12.12,11.43,2.30,EARLY_TURN,FELL-RECOVERED,light-dip,DISTRIB-CONFIRMED-RECENTLY,0.65,0.58,MEDIUM,MIXED,0.5%,0.4%,-2.7%,0.02,0.02,False,-8.9%,False,6.00,Financial Services,True
DRI,37.20,36.30,True,,21.2%,18.1%,3.08,False,0.59,2026-10-08,,False,19.27,16.01,,EARLY_TURN,BASING,light-dip,DISTRIB-CONFIRMED-RECENTLY,0.11,0.09,LOW,MIXED,0.5%,-0.6%,-9.8%,0.03,0.04,False,-13.6%,False,7.00,Consumer Cyclical,True
OKE,35.90,35.80,False,,21.3%,16.5%,4.87,False,0.73,2026-08-02,61.00,False,15.32,13.97,1.71,EARLY_TURN,FELL-RECOVERED,light-dip,ACCUM-CONFIRMED-RECENTLY,-2.08,-0.97,SPECULATIVE,CYCLICAL,-0.0%,-1.7%,-9.2%,0.03,0.03,True,-26.2%,False,5.00,Energy,True
OFG,35.90,27.80,False,10.3,12.4%,9.9%,2.53,True,0.26,2026-09-29,3.00,True,10.14,10.04,,WATCH,NORMAL,light-dip,ACCUM-CONFIRMED-RECENTLY,0.00,8.98,MEDIUM,MIXED,1.5%,-1.0%,-2.4%,0.03,0.03,True,-5.6%,False,8.00,Financial Services,True
APA,34.20,32.80,False,,9.0%,6.7%,2.32,True,0.21,2026-10-21,,False,9.10,9.65,,WATCH,FELL-RECOVERED,light-dip,DISTRIB-CONFIRMED-RECENTLY,6.40,4.58,HIGH,CYCLICAL,-0.5%,0.9%,-3.5%,0.03,0.03,False,-17.0%,True,9.00,Energy,True
MC,33.70,28.70,False,0.0,28.6%,24.1%,4.52,False,0.91,2026-08-09,54.00,False,20.02,14.61,,WATCH,NORMAL,light-dip,ACCUM-CONFIRMED-RECENTLY,0.27,-0.78,MEDIUM,CYCLICAL,0.9%,-2.2%,-14.9%,0.06,0.06,True,-30.7%,False,7.00,Financial Services,True
VRTS,33.30,34.10,False,,15.2%,8.1%,7.13,True,0.54,2026-10-29,,False,7.68,5.58,,EARLY_TURN,NORMAL,FAKE-BOUNCE,ACCUM-CONFIRMED-RECENTLY,-1.78,-5.74,MEDIUM,MIXED,1.4%,3.1%,-14.1%,0.01,0.01,True,-60.0%,False,5.00,Financial Services,True
BANR,32.90,23.90,False,0.0,13.7%,10.8%,2.92,False,0.33,2026-08-03,60.00,False,11.29,10.18,1.83,WATCH,NORMAL,light-dip,DISTRIB-CONFIRMED-RECENTLY,-0.32,0.24,MEDIUM,MIXED,1.7%,-0.9%,-2.3%,0.02,0.02,False,-12.3%,False,5.00,Financial Services,True
NXST,32.80,36.80,False,,61.8%,57.1%,4.74,False,1.41,2026-08-13,50.00,False,29.75,6.74,0.30,WATCH,GRINDING-DOWN,light-dip,DISTRIB-CONFIRMED-RECENTLY,0.00,-3.72,SPECULATIVE,MIXED,-1.0%,-3.1%,-11.3%,0.04,0.05,False,-38.2%,False,7.00,Communication Services,True
BR,32.50,21.60,False,10.5,35.9%,33.5%,2.44,False,0.41,2026-09-02,30.00,False,16.65,13.81,1.78,FUNDAMENTALS_READY_PRICE_FALLING,GRINDING-DOWN,light-dip,DISTRIB-CONFIRMED-RECENTLY,0.00,1.21,MEDIUM,MIXED,-0.8%,-2.4%,-10.2%,0.04,0.03,False,-41.2%,False,8.00,Technology,True
CVX,31.90,35.30,False,25.7,11.9%,8.6%,3.38,True,0.67,2026-08-18,45.00,False,19.86,14.61,0.90,WATCH,FELL-RECOVERED,light-dip,DISTRIB-CONFIRMED-RECENTLY,8.57,13.87,MEDIUM,CYCLICAL,-0.3%,1.0%,-2.5%,0.02,0.03,False,-5.2%,True,8.00,Energy,True
VZ,31.90,32.00,True,,16.6%,10.6%,6.04,False,0.73,2026-10-08,,False,12.05,8.76,,WATCH,BASING,light-dip,DISTRIB-CONFIRMED-RECENTLY,0.30,0.57,LOW,MIXED,0.6%,-1.7%,-7.9%,0.04,0.04,False,-16.7%,False,6.00,Communication Services,True
FHI,31.60,28.00,False,,10.3%,7.9%,2.48,True,0.26,2026-08-06,57.00,False,10.51,9.67,1.40,FUNDAMENTALS_READY_PRICE_FALLING,BASING,light-dip,ACCUM-CONFIRMED-RECENTLY,1.07,4.50,HIGH,MIXED,0.7%,-2.2%,-6.9%,0.06,0.07,True,-15.8%,False,8.00,Financial Services,True
MUR,31.10,35.10,False,,11.1%,7.5%,3.62,True,0.67,2026-08-16,47.00,False,18.48,11.73,0.33,WATCH,FELL-RECOVERED,FAKE-BOUNCE,DISTRIB-CONFIRMED-RECENTLY,15.35,-1.23,MEDIUM,CYCLICAL,-0.4%,2.8%,-0.9%,0.01,0.01,False,-27.2%,True,4.00,Energy,True
UPS,31.10,45.10,False,0.0,29.6%,22.7%,6.96,False,1.22,2026-08-16,47.00,False,17.50,11.67,,EARLY_TURN,FELL-RECOVERED,light-dip,DISTRIB-CONFIRMED-RECENTLY,-0.07,0.84,MEDIUM,CYCLICAL,0.4%,0.3%,-8.5%,0.03,0.03,False,-59.7%,False,7.00,Industrials,True
SNA,31.00,25.10,False,12.8,14.7%,12.2%,2.55,False,0.48,2026-08-18,45.00,False,18.95,17.30,1.89,WATCH,BASING,light-dip,ACCUM-CONFIRMED-RECENTLY,0.21,0.58,HIGH,MIXED,1.0%,0.6%,-2.4%,0.01,0.01,True,-12.2%,False,8.00,Industrials,True
STBA,30.00,21.40,False,,8.7%,7.3%,1.45,True,0.38,2026-08-17,46.00,False,13.22,12.42,1.23,WATCH,NORMAL,light-dip,ACCUM-CONFIRMED-RECENTLY,0.14,4.56,MEDIUM,MIXED,1.5%,-0.2%,-0.3%,0.03,0.05,True,-7.1%,False,8.00,Financial Services,True
F,29.50,21.20,False,,37.1%,32.2%,4.95,False,0.64,2026-08-10,53.00,False,,6.20,,FUNDAMENTALS_READY_PRICE_FALLING,GRINDING-DOWN,light-dip,DISTRIB-CONFIRMED-RECENTLY,2.24,6.86,SPECULATIVE,CYCLICAL,-1.1%,-4.6%,-14.2%,0.06,0.06,False,-53.1%,False,7.00,Consumer Cyclical,True
TROW,29.10,25.60,False,,7.2%,2.3%,4.83,True,0.52,2026-09-14,18.00,False,10.68,10.31,2.16,WATCH,BASING,light-dip,ACCUM-CONFIRMED-RECENTLY,0.22,5.79,HIGH,MIXED,0.5%,0.8%,-2.8%,0.03,0.03,True,-52.4%,False,8.00,Financial Services,True
CNA,28.90,29.90,False,,9.9%,5.8%,4.06,True,0.41,2026-08-16,47.00,False,10.20,9.65,0.92,EARLY_TURN,BASING,light-dip,DISTRIB-CONFIRMED-RECENTLY,0.00,0.00,MEDIUM,MIXED,0.9%,0.7%,-4.7%,0.02,0.03,False,-16.9%,False,4.00,Financial Services,True
BKE,28.80,24.60,False,,10.4%,7.2%,3.26,True,0.32,2026-10-14,,False,9.89,10.35,,WATCH,BASING,FAKE-BOUNCE,DISTRIB-CONFIRMED-RECENTLY,-1.35,-7.88,MEDIUM,CYCLICAL,0.5%,1.5%,-0.8%,0.01,0.01,False,-30.4%,False,4.00,Consumer Cyclical,True
LKFN,28.80,24.80,False,10.4,14.8%,11.4%,3.45,False,0.47,2026-07-23,71.00,False,13.69,13.24,1.44,WATCH,STRENGTH-HOLLOW,light-dip,ACCUM-CONFIRMED-RECENTLY,0.00,-0.38,MEDIUM,MIXED,2.8%,0.3%,-0.3%,0.03,0.04,True,-30.3%,False,5.00,Financial Services,True
PFBC,28.10,19.10,False,,8.8%,5.9%,2.92,True,0.36,2026-10-04,,False,10.09,9.75,,CONFIRMED,NORMAL,light-dip,ACCUM-CONFIRMED-RECENTLY,0.47,-1.90,MEDIUM,MIXED,1.9%,-1.4%,3.8%,0.02,0.03,True,-3.8%,True,4.00,Financial Services,True
M,27.20,18.50,False,,6.4%,3.1%,3.30,True,0.27,2026-09-14,18.00,False,8.30,9.48,,WATCH,NORMAL,light-dip,ACCUM-CONFIRMED-RECENTLY,1.03,3.49,LOW,CYCLICAL,-0.4%,0.1%,1.1%,0.03,0.03,True,-40.3%,False,7.00,Consumer Cyclical,True
LMT,27.00,16.20,False,11.0,30.0%,27.2%,2.73,False,0.50,2026-08-31,32.00,False,18.47,15.28,1.02,FALLING_KNIFE,GRINDING-DOWN,light-dip,DISTRIB-CONFIRMED-RECENTLY,0.10,2.03,MEDIUM,MIXED,-1.0%,-3.7%,-5.9%,0.09,0.10,False,-27.7%,False,7.00,Industrials,True
PAG,26.30,27.30,False,,6.9%,4.1%,2.77,True,0.40,2026-08-13,50.00,False,14.82,14.16,,EARLY_TURN,BASING,light-dip,ACCUM-CONFIRMED-RECENTLY,0.74,0.73,SPECULATIVE,MIXED,0.4%,-2.8%,-6.6%,0.02,0.03,True,-10.2%,False,6.00,Consumer Cyclical,True
PG,26.10,24.10,False,0.0,14.1%,11.2%,2.95,False,0.64,2026-07-23,71.00,False,21.82,19.52,,WATCH,FELL-RECOVERED,light-dip,,0.00,-1.01,HIGH,DEFENSIVE,0.3%,-1.2%,-2.2%,0.03,0.03,False,-20.0%,False,4.00,Consumer Defensive,True
KMB,25.80,37.80,False,,28.0%,22.6%,5.36,False,1.00,2026-09-03,29.00,False,18.73,12.67,,WATCH,BASING,light-dip,DISTRIB-CONFIRMED-RECENTLY,-0.29,-1.31,MEDIUM,DEFENSIVE,0.5%,-3.7%,-13.3%,0.11,0.11,False,-37.0%,False,5.00,Consumer Defensive,True
BAH,25.10,16.10,False,,26.1%,22.8%,3.29,False,0.36,2026-08-13,50.00,False,10.89,10.29,,FALLING_KNIFE,GAP-UP-FADED,light-dip,,-0.03,-2.07,MEDIUM,CYCLICAL,-1.5%,-4.9%,-5.2%,0.03,0.02,False,-63.6%,False,4.00,Industrials,True
MO,24.60,30.60,False,,10.6%,4.3%,6.32,True,0.89,2026-09-14,18.00,False,14.13,11.44,,WATCH,FELL-RECOVERED,light-dip,DISTRIB-CONFIRMED-RECENTLY,0.00,-0.16,HIGH,DEFENSIVE,0.2%,-2.5%,-3.5%,0.03,0.02,False,-12.9%,False,6.00,Consumer Defensive,True
ADM,23.50,18.20,False,,4.0%,1.4%,2.60,True,0.56,2026-08-18,45.00,False,21.67,13.99,1.02,WATCH,FELL-RECOVERED,light-dip,DISTRIB-CONFIRMED-RECENTLY,0.67,7.02,LOW,DEFENSIVE,-0.3%,-2.2%,-7.1%,0.03,0.03,False,-19.8%,False,7.00,Consumer Defensive,True
CWEN,23.40,34.50,False,,47.1%,40.9%,6.18,False,2.12,2026-08-31,32.00,False,34.35,18.04,3.67,EARLY_TURN,NORMAL,light-dip,DISTRIB-CONFIRMED-RECENTLY,-40.16,-29.27,SPECULATIVE,MIXED,1.4%,-0.8%,-6.0%,0.03,0.03,False,-29.3%,False,6.00,Utilities,True
ABT,23.20,23.20,False,9.0,28.1%,25.5%,2.59,False,0.79,2026-10-14,,False,31.00,15.79,,FUNDAMENTALS_READY_PRICE_FALLING,GAP-UP-FADED,light-dip,ACCUM-CONFIRMED-RECENTLY,0.03,0.10,MEDIUM,DEFENSIVE,-0.9%,-5.4%,-13.3%,0.07,0.06,True,-32.8%,False,8.00,Healthcare,True
BX,21.80,35.80,False,,30.9%,26.3%,4.59,False,1.11,2026-08-02,61.00,False,25.47,15.25,1.09,EARLY_TURN,NORMAL,light-dip,DISTRIB-CONFIRMED-RECENTLY,-0.08,-0.81,MEDIUM,MIXED,1.4%,-3.9%,-16.8%,0.10,0.11,False,-43.4%,False,7.00,Financial Services,True
ETD,21.40,20.60,False,,9.4%,2.1%,7.24,True,1.00,2026-09-02,30.00,False,13.81,16.89,,WATCH,NORMAL,light-dip,,2.00,-15.52,MEDIUM,CYCLICAL,1.8%,1.2%,-12.8%,0.02,0.02,False,-40.5%,False,5.00,Consumer Cyclical,True
ACN,21.30,10.30,False,,5.3%,2.1%,3.16,True,0.51,2026-07-08,86.00,False,16.48,14.08,1.33,WATCH,NORMAL,FAKE-BOUNCE,ACCUM-CONFIRMED-RECENTLY,0.07,-0.05,MEDIUM,MIXED,-2.7%,17.3%,10.1%,0.12,0.13,True,-50.5%,True,4.00,Technology,True
HSY,20.80,11.80,False,,31.9%,28.3%,3.55,False,0.77,2026-08-13,50.00,False,21.70,16.14,0.85,WATCH,GRINDING-DOWN,light-dip,ACCUM-CONFIRMED-RECENTLY,-0.09,-0.43,MEDIUM,MIXED,-0.1%,-4.4%,-10.3%,0.01,0.01,True,-42.5%,False,5.00,Consumer Defensive,True
ALV,20.30,11.20,False,,21.9%,18.8%,3.06,False,0.41,2026-08-27,36.00,False,13.33,9.69,,WATCH,GRINDING-DOWN,light-dip,DISTRIB-CONFIRMED-RECENTLY,-1.14,-1.59,MEDIUM,CYCLICAL,-0.0%,-3.8%,-6.7%,0.04,0.05,False,-14.5%,False,3.00,Consumer Cyclical,True
NBHC,20.30,9.30,False,,24.0%,20.7%,3.30,False,0.53,2026-08-27,36.00,False,16.19,9.72,,FALLING_KNIFE,GRINDING-DOWN,light-dip,ACCUM-CONFIRMED-RECENTLY,0.51,-4.30,MEDIUM,MIXED,-1.7%,-4.1%,-7.3%,0.17,0.20,True,-25.6%,False,4.00,Financial Services,True
DINO,19.30,21.30,False,,-7.7%,-9.5%,1.77,False,0.19,2026-08-10,53.00,False,10.78,9.21,1.13,CONFIRMED,FELL-RECOVERED,FAKE-BOUNCE,DISTRIB-CONFIRMED-RECENTLY,26.15,59.88,MEDIUM,CYCLICAL,0.3%,5.8%,6.6%,0.03,0.04,False,-4.5%,True,6.00,Energy,True
WSO,19.30,23.30,False,5.5,28.3%,24.3%,4.03,False,1.05,2026-07-15,79.00,False,25.99,22.99,,WATCH,NORMAL,light-dip,ACCUM-CONFIRMED-RECENTLY,0.04,-3.64,MEDIUM,MIXED,1.3%,-3.8%,-1.2%,0.03,0.03,True,-46.6%,False,5.00,Industrials,True
BBY,18.80,19.00,False,,2.8%,-1.5%,4.33,False,0.64,2026-09-16,16.00,False,14.69,12.24,1.70,WATCH,BASING,light-dip,,0.14,2.00,MEDIUM,MIXED,0.7%,-2.4%,1.5%,0.04,0.03,False,-37.8%,True,5.00,Consumer Cyclical,True
CHCO,18.60,7.70,False,,1.8%,-0.6%,2.43,False,0.37,2026-10-14,,False,15.69,14.83,,WATCH,NORMAL,light-dip,ACCUM-CONFIRMED-RECENTLY,0.63,1.50,MEDIUM,MIXED,1.3%,0.9%,-0.5%,0.17,0.21,True,-3.8%,False,8.00,Financial Services,True
CNS,18.10,14.50,False,,7.1%,3.6%,3.50,True,0.79,2026-08-09,54.00,False,22.67,18.51,1.69,WATCH,BASING,light-dip,DISTRIB-CONFIRMED-RECENTLY,1.36,4.10,HIGH,MIXED,0.8%,-0.7%,-4.6%,0.01,0.01,False,-33.4%,False,9.00,Financial Services,True
BMY,16.50,8.10,False,1.3,14.5%,10.3%,4.15,False,0.55,2026-10-01,1.00,True,13.32,9.21,,FALLING_KNIFE,GRINDING-DOWN,light-dip,ACCUM-CONFIRMED-RECENTLY,0.10,6.09,MEDIUM,MIXED,-1.6%,-3.8%,-10.7%,0.03,0.04,True,-25.8%,False,7.00,Healthcare,True
ARES,13.30,32.30,False,,27.3%,23.2%,4.13,False,2.27,2026-09-15,17.00,False,54.86,16.64,0.90,EARLY_TURN,STRENGTH-HOLLOW,light-dip,DISTRIB-CONFIRMED-RECENTLY,-0.02,-1.83,MEDIUM,CYCLICAL,2.6%,-2.0%,-13.4%,0.03,0.03,False,-40.3%,False,5.00,Financial Services,True
TXN,12.70,14.90,False,34.7,11.7%,9.8%,1.90,True,0.85,2026-10-29,,False,44.89,27.75,0.97,CONFIRMED,STRENGTH-HOLLOW,FAKE-BOUNCE,ACCUM-CONFIRMED-RECENTLY,0.00,13.61,HIGH,CYCLICAL,5.1%,6.3%,16.0%,0.06,0.05,True,-11.5%,True,8.00,Technology,True
QCOM,10.00,7.00,False,,7.0%,5.1%,1.94,True,0.41,2026-09-02,30.00,False,21.09,18.11,,WATCH,GAP-UP-FADED,light-dip,DISTRIB-CONFIRMED-RECENTLY,0.02,-6.92,HIGH,CYCLICAL,1.5%,-8.5%,8.7%,0.06,0.06,False,-28.9%,True,6.00,Technology,True
TGT,8.10,-2.20,False,,8.6%,5.6%,2.92,True,0.47,2026-11-09,,False,16.17,16.33,1.98,WATCH,GRINDING-DOWN,light-dip,DISTRIB-CONFIRMED-RECENTLY,0.48,7.00,LOW,DEFENSIVE,-0.5%,-1.0%,-4.6%,0.02,0.02,False,-42.0%,True,7.00,Consumer Defensive,True
FLO,6.40,30.10,False,,58.0%,42.3%,15.64,False,3.34,2026-09-10,22.00,False,21.35,7.77,,WATCH,GRINDING-DOWN,light-dip,DISTRIB-CONFIRMED-RECENTLY,-13.13,-14.24,SPECULATIVE,DEFENSIVE,-0.2%,-3.3%,-16.9%,0.04,0.04,False,-81.6%,False,5.00,Consumer Defensive,True
PAYX,6.10,3.20,False,3.0,18.1%,13.6%,4.53,False,0.90,2026-07-27,67.00,False,19.90,15.70,1.85,WATCH,GRINDING-DOWN,light-dip,DISTRIB-CONFIRMED-RECENTLY,0.04,-0.04,MEDIUM,MIXED,-0.5%,-1.1%,-19.1%,0.04,0.06,False,-37.8%,False,7.00,Technology,True
NSP,6.00,10.70,False,,12.8%,7.8%,5.00,True,5.00,2026-09-01,31.00,False,,17.80,,WATCH,NORMAL,light-dip,ACCUM-CONFIRMED-RECENTLY,-3.50,-6.71,LOW,CYCLICAL,-1.3%,0.4%,-5.0%,0.01,0.01,True,-63.4%,False,4.00,Industrials,True
WU,5.70,20.70,False,,30.7%,15.0%,15.72,False,0.76,2026-09-15,17.00,False,4.82,3.96,,WATCH,GRINDING-DOWN,light-dip,DISTRIB-CONFIRMED-RECENTLY,-0.02,-21.21,MEDIUM,MIXED,-0.7%,-3.2%,-18.1%,0.02,0.03,False,-70.7%,False,4.00,Financial Services,True
IPAR,5.20,-3.80,False,0.0,16.2%,13.4%,2.86,False,0.61,2026-09-14,18.00,False,21.37,21.47,,WATCH,GRINDING-DOWN,light-dip,ACCUM-CONFIRMED-RECENTLY,0.00,-6.74,MEDIUM,DEFENSIVE,-0.1%,-5.2%,-4.0%,0.03,0.03,True,-30.7%,False,4.00,Consumer Defensive,True
FAST,3.80,-5.90,False,,-2.3%,-4.1%,1.81,False,0.79,2026-07-27,67.00,False,43.54,36.32,3.39,CONFIRMED,NORMAL,light-dip,DISTRIB-CONFIRMED-RECENTLY,0.27,2.29,HIGH,MIXED,1.4%,1.0%,6.3%,0.02,0.03,False,-3.7%,True,7.00,Industrials,True
MSM,3.20,3.20,False,,2.2%,-0.4%,2.65,False,0.84,2026-07-07,87.00,False,31.77,24.15,2.48,CONFIRMED,STRENGTH-HOLLOW,FAKE-BOUNCE,ACCUM-CONFIRMED-RECENTLY,0.02,9.91,MEDIUM,CYCLICAL,2.4%,8.5%,12.9%,0.04,0.05,True,-0.4%,True,5.00,Industrials,True
ADP,1.50,-7.40,False,0.0,12.2%,9.7%,2.53,True,0.61,2026-09-10,22.00,False,23.99,19.57,2.50,FUNDAMENTALS_READY_PRICE_FALLING,GRINDING-DOWN,light-dip,DISTRIB-CONFIRMED-RECENTLY,0.00,0.58,MEDIUM,MIXED,-0.7%,-0.5%,-6.7%,0.04,0.04,False,-20.5%,False,6.00,Technology,True
PFG,0.10,-10.70,False,,3.0%,0.2%,2.85,True,0.45,2026-09-02,30.00,False,15.94,10.75,,WATCH,GRINDING-DOWN,light-dip,ACCUM-CONFIRMED-RECENTLY,0.50,2.11,MEDIUM,MIXED,-0.3%,-2.5%,0.5%,0.03,0.04,True,-7.6%,False,7.00,Financial Services,True
KO,-2.00,-11.90,False,0.0,12.4%,10.0%,2.42,True,0.62,2026-09-14,18.00,False,25.83,24.40,4.03,FALLING_KNIFE,GRINDING-DOWN,light-dip,ACCUM-CONFIRMED-RECENTLY,0.00,1.23,MEDIUM,DEFENSIVE,-0.1%,-2.0%,-2.5%,0.10,0.10,True,-7.0%,False,6.00,Consumer Defensive,True
RHI,-5.60,5.40,False,,0.4%,-6.0%,6.34,False,2.05,2026-08-24,39.00,False,32.37,18.92,,WATCH,FELL-RECOVERED,light-dip,,-0.02,-4.82,LOW,CYCLICAL,-1.5%,0.9%,-13.2%,0.04,0.03,False,-70.4%,False,5.00,Industrials,True
APAM,-8.10,10.70,False,,21.5%,11.7%,9.79,False,0.81,2026-08-16,47.00,False,8.48,8.90,,WATCH,GRINDING-DOWN,light-dip,DISTRIB-CONFIRMED-RECENTLY,-1.31,-1.49,MEDIUM,MIXED,-2.3%,-2.2%,-14.1%,0.11,0.13,False,-32.6%,False,5.00,Financial Services,True
MTN,-10.60,-2.40,False,,7.6%,1.4%,6.26,True,2.16,2026-10-07,,False,30.59,23.03,,WATCH,STRENGTH-HOLLOW,FAKE-BOUNCE,DISTRIB-CONFIRMED-RECENTLY,-8.39,-9.40,SPECULATIVE,CYCLICAL,2.1%,4.3%,4.1%,0.01,0.02,False,-62.3%,False,3.00,Consumer Cyclical,True
ERIE,-10.80,-19.80,False,,,,2.60,False,0.65,2026-10-04,,False,20.06,15.78,,WATCH,GRINDING-DOWN,light-dip,DISTRIB-CONFIRMED-RECENTLY,0.32,0.32,MEDIUM,MIXED,-0.4%,-0.8%,-14.4%,0.02,0.01,False,-59.6%,False,8.00,Financial Services,True
AMGN,-14.00,-23.60,False,,-1.1%,-3.6%,2.42,False,0.61,2026-08-20,43.00,False,25.20,16.58,2.45,WATCH,GRINDING-DOWN,light-dip,ACCUM-CONFIRMED-RECENTLY,0.21,4.20,MEDIUM,MIXED,-0.4%,-2.2%,-8.5%,0.02,0.03,True,-9.3%,False,6.00,Healthcare,True
MRK,-18.50,-14.50,False,,10.7%,8.4%,2.31,True,2.69,2026-09-14,18.00,False,115.86,15.07,2.70,WATCH,GRINDING-DOWN,light-dip,DISTRIB-CONFIRMED-RECENTLY,-0.40,-0.83,MEDIUM,MIXED,-0.1%,-3.4%,-5.3%,0.03,0.03,False,-8.4%,True,4.00,Healthcare,True
